{
  "n_datasets": 5,
  "n_pairs": 10,
  "median_pairwise_rho": 0.3302373581011352,
  "min_pairwise_rho": -0.0857142857142857,
  "max_pairwise_rho": 0.6615067079463364
}