,NFKB1,GSTA2,GSTA1,ABCB1,CYP3A5,CYP3A4,CPT1A,ABCC3,SULT2A1,ABCC2,PCK1,G6PC1,SLCO1B1,CYP2C9,CYP2C8,CYP1A2,UGT1A6,CYP7A1,CYP2B6,UGT1A1
34f5307e-7b4d-4a48-b68f-2ba844c6414b,0.5895552723705486,0.48219214303315955,0.5802940379270164,0.45122737825789194,0.7715294186253551,0.3322660761668645,0.6045446123885434,0.444507159838332,0.58859027932803,0.7930627757973066,0.5081543073831098,0.561972926042419,0.8074422888977782,0.7949392636761813,0.7477688652146443,0.262005413617081,,0.23422205922751488,0.5559257372813404,
fd072bc3-2dfb-46f8-b4e3-467cb3223182,-0.1065914305169061,-0.06370523569953428,-0.18355373155804142,-0.256540870389849,0.06909629179430633,-0.07725268092652056,-0.04094294276429062,-0.028441468306066302,-0.32206622187419764,-0.2734473286620308,-0.14339255105353557,-0.2776695400501472,-0.13961038619836416,0.20243455657892764,0.35217637600146,,,,,
e84f2780-51e8-4cfa-8aa0-13bbfef677c7,0.6182290490959095,0.7223667456801771,0.6537699647717432,0.4909465978114575,0.7020626432391137,0.5810542398777693,0.5037433155080213,0.7011459129106188,0.8499618029029794,0.8829640947288006,0.7964858670741023,0.5098548510313216,0.7885408708938121,0.8863254392666157,0.8976317799847211,0.47418050010773105,,0.1163674804058011,0.43376623376623374,0.26159801102924907
53d208b0-2cfd-4366-9866-c3c6114081bc,0.26976284584980237,0.22979985875744602,0.47727272727272735,0.42094861660079047,0.5375494071146245,0.5632411067193676,0.4594861660079051,0.5108695652173914,0.5306324110671937,0.6946640316205535,0.5029644268774703,0.6136363636363635,0.6027667984189723,0.7075098814229249,0.6521739130434783,0.6154227148326564,0.5954386690870845,-0.08059297733523821,0.1926877470355731,0.5412753997925772
ec6ceff8-c8bc-488d-b6bf-30df2fa92169,0.3103896103896104,0.11216272913232365,0.36103896103896105,0.6532467532467533,0.43636363636363634,0.3675324675324675,0.312987012987013,0.4974025974025974,0.26103896103896107,0.6311688311688312,0.12077922077922078,0.2545454545454545,0.30129870129870134,0.28831168831168835,0.16363636363636364,0.4035421633108463,,-0.11078234188139947,0.5987012987012986,
