{
  "n_datasets": 9,
  "n_pairs": 36,
  "median_pairwise_rho": 0.33737834895907537,
  "min_pairwise_rho": -0.1912937208112101,
  "max_pairwise_rho": 0.7378740970072238
}