{
  "n_datasets": 5,
  "n_pairs": 10,
  "median_pairwise_rho": 0.14821428571428572,
  "min_pairwise_rho": -0.24458204334365324,
  "max_pairwise_rho": 0.651186790505676
}